[{"hb-default-sidebar":["nav_menu-2","search-2","hb_facebook_widget-2","tribe-events-list-widget-2"],"custom-sidebar0":["text-2","hb_soc_net_widget-2"]},{"nav_menu":{"2":{"title":"More About Us","nav_menu":3},"_multiwidget":1},"search":{"2":{"title":""},"_multiwidget":1},"hb_facebook_widget":{"2":{"title":"Find us on Facebook","page_url":"http:\/\/facebook.com\/hbthemes"},"_multiwidget":1},"tribe-events-list-widget":{"2":{"title":"Upcoming Events","limit":"3","no_upcoming_events":false},"_multiwidget":1},"text":{"2":{"title":"","text":"<div class=\"hb-aligncenter\">\r\n<img src=\"http:\/\/hb-themes.com\/themes\/highend\/church\/wp-content\/uploads\/sites\/11\/2016\/01\/logo-church-light.png\" alt=\"Highend Church\" width=\"289\" height=\"100\" \/>\r\n<\/div>","filter":false},"_multiwidget":1},"hb_soc_net_widget":{"2":{"title":"","large_icons":"small","icon_style":"light"},"_multiwidget":1}}]